experiment,pearson_q,pearson_a,pearson_r,kl_q,kl_a,kl_r
10-4_vicuna7_naive-optim_500,0.9170016565292247,0.7863626256543726,0.6693796648495167,1.2701232371978919,0.7999471173621144,0.8369462132442836
10-4_vicuna13_naive-optim_500,0.8594854878314595,0.816960335659569,0.584935570239273,0.13509771752871053,1.8064270220925684,0.7900736769066724
vicuna13_1.6_self-const-limit,0.6246205965951717,0.7944280400547487,-0.17788437609178126,0.8421422175737201,3.5807651486752725,2.433880814882183
10-4_vicuna13-vip_nonvis-optim_500,0.8785270616202676,0.7409351144066821,0.8992739716189272,0.3827854394124978,0.5250631651169465,0.36880134772934864
