experiment,pearson_q,pearson_a,pearson_r,js_q,js_a,js_r
naive-p-small,0.8801841984293444,0.6996527236157021,0.5013799124408634,0.16083733009677592,0.4369479562381967,0.4379091868489198
naive-p-medium,0.9250553187126412,0.7452126992231787,0.7523108309074944,0.17510144018958754,0.4051676696687791,0.3221019336488026
seq-ensemble-p,0.7751467598031769,0.7574391024528547,0.21718047717822075,0.2727310779647315,0.425631496960097,0.471061819396296
naive-viz-p,0.9620534253133634,0.7394994502709086,0.8294587448093613,0.16685360558111567,0.296661990873541,0.28152373857047014
