experiment,pearson_q,pearson_a,pearson_r,js_q,js_a,js_r
10-4_vicuna7_naive-optim_500,0.9075043191920216,0.7819740330143494,0.8127562028186791,0.20225742538464944,0.3173579366251567,0.3091032483912513
10-4_vicuna13_naive-optim_500,0.8594854878314594,0.8169603356595692,0.584935570239273,0.17442429465984877,0.3275540139483267,0.36426781733751207
vicuna13_1.6_self-const-limit,0.6198744701091686,0.7939323634112088,-0.22108742361258107,0.3142405106388328,0.34818732420029147,0.6110274440884662
10-4_vicuna13-vip_nonvis-optim_500,0.8701821168138918,0.7402476114586205,0.9148888357201392,0.1939783404404694,0.3319346380767179,0.21165176944339267
