{"amount": 42, "gen_rate": 0.84, "ovr_mean_scores": {"accuracy": 2.5, "logical": 2.5476190476190474, "clarity": 2.9047619047619047, "detail": 2.5714285714285716, "irrelevancy": 1.6428571428571428}, "ovr_gwet_ac2": 1.0, "mean_scores_per_sample": [{"accuracy": 2.5, "logical": 2.5476190476190474, "clarity": 2.9047619047619047, "detail": 2.5714285714285716, "irrelevancy": 1.6428571428571428}, {"accuracy": 2.5, "logical": 2.5476190476190474, "clarity": 2.9047619047619047, "detail": 2.5714285714285716, "irrelevancy": 1.6428571428571428}], "gwet_per_metrics": {"accuracy": 1.0, "logical": 1.0, "clarity": 1.0, "detail": 1.0, "irrelevancy": 1.0, "overall": 1.0}}