experiment,pearson_q,pearson_a,pearson_r,chi2_q,chi2_a,chi2_r,chi2_pvalue_q,chi2_pvalue_a,chi2_pvalue_r,kl_q,kl_a,kl_r
10-4_vicuna7_naive-optim_500,0.7923263924561985,0.7295557390824143,0.9041169917581978,222.077735642937,237.94823187993782,191.57112501990892,6.696245440144983e-39,8.449410245859188e-40,1.603914832267324e-30,0.29126618477328303,0.573319833826647,0.2611279263514824
10-4_vicuna13_naive-optim_500,0.9045313161053584,0.7813771295377261,0.8003799145091551,326.5469333398745,339.86000119931475,321.84460018776343,1.6618153592559523e-60,1.2681391702000165e-60,6.536857678089585e-57,0.10452903674335229,0.3997656943646958,0.2925409804596855
10-4_vicuna13-vip_nonvis-optim_500,0.8284237426118587,0.7505546891973244,0.9541141119033513,318.3335885520795,343.90222516317715,307.81760543029344,8.563201904771685e-59,1.856909610176709e-61,4.987505190771187e-54,0.1984806394732943,0.4845633547122157,0.10181602204266177
vicuna13_1.6_self-const-limit,0.5994221714746806,0.798969086459269,-0.2896670411005474,40000000107.31494,90000000119.47281,160000000451.09042,0.0,0.0,0.0,0.9051001852884845,1.1353000468536747,2.573177035362608
