{"amount": 42, "clean_rate": 0.84, "mean_scores_per_sample": [{"accuracy": 2.5, "logical": 2.5476190476190474, "clarity": 2.9047619047619047, "detail": 2.5714285714285716, "irrelevancy": 1.6428571428571428}, {"accuracy": 2.5, "logical": 2.5476190476190474, "clarity": 2.9047619047619047, "detail": 2.5714285714285716, "irrelevancy": 1.6428571428571428}], "ovr_mean_scores": {"accuracy": 2.5, "logical": 2.5476190476190474, "clarity": 2.9047619047619047, "detail": 2.5714285714285716, "irrelevancy": 1.6428571428571428}, "ovr_std_scores": {"accuracy": 0.0, "logical": 0.0, "clarity": 0.0, "detail": 0.0, "irrelevancy": 0.0}}