{"accuracy": 0.84369, "logic": 0.86299, "clarity": 0.73408, "detail": 0.89876, "irrelevance": 0.87748, "plausibility": 0.92529, "overall": 0.8570483333333335}