,avg_accuracy,avg_logical,avg_clarity,avg_detail,avg_relevancy,gen_rate,amount,gwet_ac2
human,2.8222222222222224,2.7888888888888888,2.8555555555555556,2.933333333333333,2.8777777777777778,1.0,90,1.0
