experiment,pearson_q,pearson_a,pearson_r,kl_q,kl_a,kl_r
10-4_vicuna7_naive-optim_500,0.9075043191920216,0.7819740330143494,0.8127562028186791,0.6218276805284078,0.38754999142756763,0.5190465640113171
10-4_vicuna13_naive-optim_500,0.8594854878314595,0.816960335659569,0.584935570239273,0.13509771752871053,1.8064270220925684,0.7900736769066724
vicuna13_1.6_self-const-limit,0.6198744701091686,0.793932363411209,-0.22108742361258107,0.8545178694940796,3.0959130608499716,2.497394220577673
10-4_vicuna13-vip_nonvis-optim_500,0.8701821168138919,0.7402476114586203,0.9148888357201392,0.39124094927778386,0.5292351614304476,0.3581605241412847
