{"amount": 55, "gen_rate": 1.0, "ovr_mean_scores": {"accuracy": 2.4909090909090907, "logical": 2.272727272727273, "clarity": 2.8727272727272726, "detail": 2.5636363636363635, "irrelevancy": 1.4}, "ovr_gwet_ac2": 1.0, "mean_scores_per_sample": [{"accuracy": 2.4909090909090907, "logical": 2.272727272727273, "clarity": 2.8727272727272726, "detail": 2.5636363636363635, "irrelevancy": 1.4}], "gwet_per_metrics": {"accuracy": 1.0, "logical": 1.0, "clarity": 1.0, "detail": 1.0, "irrelevancy": 1.0, "overall": 1.0}}