{"amount": 49, "clean_rate": 0.98, "mean_scores_per_sample": [{"accuracy": 2.6122448979591835, "logical": 2.4285714285714284, "clarity": 2.938775510204082, "detail": 2.693877551020408, "irrelevancy": 1.2040816326530612}], "ovr_mean_scores": {"accuracy": 2.6122448979591835, "logical": 2.4285714285714284, "clarity": 2.938775510204082, "detail": 2.693877551020408, "irrelevancy": 1.2040816326530612}, "ovr_std_scores": {"accuracy": NaN, "logical": NaN, "clarity": NaN, "detail": NaN, "irrelevancy": NaN}}