{"amount": 49, "gen_rate": 0.98, "ovr_mean_scores": {"accuracy": 2.6122448979591835, "logical": 2.4285714285714284, "clarity": 2.938775510204082, "detail": 2.693877551020408, "irrelevancy": 1.2040816326530612}, "ovr_gwet_ac2": 1.0, "mean_scores_per_sample": [{"accuracy": 2.6122448979591835, "logical": 2.4285714285714284, "clarity": 2.938775510204082, "detail": 2.693877551020408, "irrelevancy": 1.2040816326530612}], "gwet_per_metrics": {"accuracy": 1.0, "logical": 1.0, "clarity": 1.0, "detail": 1.0, "irrelevancy": 1.0, "overall": 1.0}}